,type,num_trajectories,pHat,pHat_std,FS_avg,FS_std,FS_conditional,FS_conditional_std
0,baseline,100,0.61,0.048774993593028795,3833.66,306.56314136568994,6283.229508196721,18.595821174119024
