,type,num_trajectories,pHat,pHat_std,FS_avg,FS_std,FS_conditional,FS_conditional_std
0,baseline,1000,0.717,0.014244683218660919,0.5034032,0.010004067860113704,0.7019718270571828,0.0005982632713689869
