,type,num_trajectories,pHat,pHat_std,FS_avg,FS_std,FS_conditional,FS_conditional_std
0,baseline,100,0.71,0.04537620521815371,0.4943440000000001,0.03161077323698362,0.6961549295774648,0.002048633830203314
