,type,num_trajectories,pHat,pHat_std,FS_avg,FS_std,FS_conditional,FS_conditional_std
0,baseline,100,0.71,0.04537620521815371,0.499156,0.03191255484350948,0.7028957746478874,0.002057564207658186
