,type,num_trajectories,pHat,pHat_std,FS_avg,FS_std,FS_conditional,FS_conditional_std
0,baseline,100,0.71,0.04537620521815371,0.512838,0.03279060410483467,0.7221971830985916,0.0020475075415818857
