{"params": {"transmission": 0.4685714285714285, "infectious_period": 7, "immune_period": 0, "av_lifespan": 0, "susc_B_efficacy": 0.45, "inf_B_efficacy": 0.6, "N_social": 0.17857142857142858, "B_social": 0.2581242877634628, "B_fear": 1.1428571428571428, "B_const": 0.00026437151437151436, "N_const": 0.08571428571428572}, "P": 5000, "I0": 1, "B0": 1, "num_trajectory": 1000, "t_end": 200, "seed": 20240430, "OR": 0.22}