{"params": {"transmission": 0.4685714285714285, "infectious_period": 7, "immune_period": 0, "av_lifespan": 0, "susc_B_efficacy": 0.12, "inf_B_efficacy": 0.75, "N_social": 0.17857142857142858, "B_social": 0.2640766687170017, "B_fear": 1.1428571428571428, "B_const": 8.58000858000858e-05, "N_const": 0.08571428571428572}, "P": 5000, "I0": 1, "B0": 1, "num_trajectory": 100, "t_end": 200, "seed": 20240430, "OR": 0.22}